{
  "Elements": [
    {
      "__type": "KeyboardKey",
      "Id": 0,
      "Boundaries": [
        {
          "X": 36,
          "Y": 8
        },
        {
          "X": 86,
          "Y": 8
        },
        {
          "X": 86,
          "Y": 33
        },
        {
          "X": 61,
          "Y": 58
        },
        {
          "X": 36,
          "Y": 33
        }
      ],
      "KeyCodes": [
        38
      ],
      "Text": "▲",
      "TextPosition": {
        "X": 61,
        "Y": 29
      },
      "ChangeOnCaps": false,
      "ShiftText": "▲"
    },
    {
      "__type": "KeyboardKey",
      "Id": 5,
      "Boundaries": [
        {
          "X": 89,
          "Y": 36
        },
        {
          "X": 114,
          "Y": 36
        },
        {
          "X": 114,
          "Y": 86
        },
        {
          "X": 89,
          "Y": 86
        },
        {
          "X": 64,
          "Y": 61
        }
      ],
      "KeyCodes": [
        39
      ],
      "Text": "▶",
      "TextPosition": {
        "X": 93,
        "Y": 61
      },
      "ChangeOnCaps": false,
      "ShiftText": "▶"
    },
    {
      "__type": "KeyboardKey",
      "Id": 8,
      "Boundaries": [
        {
          "X": 8,
          "Y": 36
        },
        {
          "X": 33,
          "Y": 36
        },
        {
          "X": 58,
          "Y": 61
        },
        {
          "X": 33,
          "Y": 86
        },
        {
          "X": 8,
          "Y": 86
        }
      ],
      "KeyCodes": [
        37
      ],
      "Text": "◀",
      "TextPosition": {
        "X": 29,
        "Y": 61
      },
      "ChangeOnCaps": true,
      "ShiftText": "◀"
    },
    {
      "__type": "KeyboardKey",
      "Id": 7,
      "Boundaries": [
        {
          "X": 36,
          "Y": 89
        },
        {
          "X": 61,
          "Y": 64
        },
        {
          "X": 86,
          "Y": 89
        },
        {
          "X": 86,
          "Y": 114
        },
        {
          "X": 36,
          "Y": 114
        }
      ],
      "KeyCodes": [
        40
      ],
      "Text": "▼",
      "TextPosition": {
        "X": 61,
        "Y": 93
      },
      "ChangeOnCaps": true,
      "ShiftText": "▼"
    },
    {
      "__type": "KeyboardKey",
      "Id": 9,
      "Boundaries": [
        {
          "X": 153,
          "Y": 119
        },
        {
          "X": 162,
          "Y": 118
        },
        {
          "X": 171,
          "Y": 113
        },
        {
          "X": 177,
          "Y": 107
        },
        {
          "X": 182,
          "Y": 98
        },
        {
          "X": 183,
          "Y": 89
        },
        {
          "X": 182,
          "Y": 80
        },
        {
          "X": 177,
          "Y": 71
        },
        {
          "X": 171,
          "Y": 65
        },
        {
          "X": 162,
          "Y": 60
        },
        {
          "X": 153,
          "Y": 59
        },
        {
          "X": 144,
          "Y": 60
        },
        {
          "X": 135,
          "Y": 65
        },
        {
          "X": 129,
          "Y": 71
        },
        {
          "X": 124,
          "Y": 80
        },
        {
          "X": 123,
          "Y": 89
        },
        {
          "X": 124,
          "Y": 98
        },
        {
          "X": 129,
          "Y": 107
        },
        {
          "X": 135,
          "Y": 113
        },
        {
          "X": 144,
          "Y": 118
        }
      ],
      "KeyCodes": [
        90
      ],
      "Text": "A",
      "TextPosition": {
        "X": 153,
        "Y": 89
      },
      "ChangeOnCaps": true,
      "ShiftText": "A"
    },
    {
      "__type": "KeyboardKey",
      "Id": 10,
      "Boundaries": [
        {
          "X": 218,
          "Y": 104
        },
        {
          "X": 227,
          "Y": 103
        },
        {
          "X": 236,
          "Y": 98
        },
        {
          "X": 242,
          "Y": 92
        },
        {
          "X": 247,
          "Y": 83
        },
        {
          "X": 248,
          "Y": 74
        },
        {
          "X": 247,
          "Y": 65
        },
        {
          "X": 242,
          "Y": 56
        },
        {
          "X": 236,
          "Y": 50
        },
        {
          "X": 227,
          "Y": 45
        },
        {
          "X": 218,
          "Y": 44
        },
        {
          "X": 209,
          "Y": 45
        },
        {
          "X": 200,
          "Y": 50
        },
        {
          "X": 194,
          "Y": 56
        },
        {
          "X": 189,
          "Y": 65
        },
        {
          "X": 188,
          "Y": 74
        },
        {
          "X": 189,
          "Y": 83
        },
        {
          "X": 194,
          "Y": 92
        },
        {
          "X": 200,
          "Y": 98
        },
        {
          "X": 209,
          "Y": 103
        }
      ],
      "KeyCodes": [
        88
      ],
      "Text": "B",
      "TextPosition": {
        "X": 218,
        "Y": 74
      },
      "ChangeOnCaps": true,
      "ShiftText": "B"
    },
    {
      "__type": "KeyboardKey",
      "Id": 12,
      "Boundaries": [
        {
          "X": 126,
          "Y": 4
        },
        {
          "X": 310,
          "Y": 4
        },
        {
          "X": 310,
          "Y": 30
        },
        {
          "X": 126,
          "Y": 30
        }
      ],
      "KeyCodes": [
        32
      ],
      "Text": "START",
      "TextPosition": {
        "X": 218,
        "Y": 17
      },
      "ChangeOnCaps": true,
      "ShiftText": "START"
    },
    {
      "__type": "KeyboardKey",
      "Id": 13,
      "Boundaries": [
        {
          "X": 283,
          "Y": 119
        },
        {
          "X": 292,
          "Y": 118
        },
        {
          "X": 301,
          "Y": 113
        },
        {
          "X": 307,
          "Y": 107
        },
        {
          "X": 312,
          "Y": 98
        },
        {
          "X": 313,
          "Y": 89
        },
        {
          "X": 312,
          "Y": 80
        },
        {
          "X": 307,
          "Y": 71
        },
        {
          "X": 301,
          "Y": 65
        },
        {
          "X": 292,
          "Y": 60
        },
        {
          "X": 283,
          "Y": 59
        },
        {
          "X": 274,
          "Y": 60
        },
        {
          "X": 265,
          "Y": 65
        },
        {
          "X": 259,
          "Y": 71
        },
        {
          "X": 254,
          "Y": 80
        },
        {
          "X": 253,
          "Y": 89
        },
        {
          "X": 254,
          "Y": 98
        },
        {
          "X": 259,
          "Y": 107
        },
        {
          "X": 265,
          "Y": 113
        },
        {
          "X": 274,
          "Y": 118
        }
      ],
      "KeyCodes": [
        67
      ],
      "Text": "C",
      "TextPosition": {
        "X": 284,
        "Y": 89
      },
      "ChangeOnCaps": true,
      "ShiftText": "C"
    }
  ],
  "Height": 128,
  "Version": 2,
  "Width": 322
}