{
    "__comment": "Designed by MinecraftSpace with Cubik Studio - https://cubik.studio",
    "textures": {
        "particle": "block/minecart",
        "texture": "block/minecart"
    },
    "elements": [
        {
            "__comment": "MinecartBase",
            "from": [
                0,
                0,
                0
            ],
            "to": [
                20,
                2,
                16
            ],
            "faces": {
                "down": {
                    "uv": [
                        0.5,
                        3,
                        5.5,
                        7
                    ],
                    "texture": "#texture"
                },
                "up": {
                    "uv": [
                        6,
                        3,
                        11,
                        7
                    ],
                    "texture": "#texture"
                },
                "north": {
                    "uv": [
                        0.5,
                        2.5,
                        5.5,
                        3
                    ],
                    "texture": "#texture"
                },
                "south": {
                    "uv": [
                        5.5,
                        2.5,
                        10.5,
                        3
                    ],
                    "texture": "#texture"
                },
                "west": {
                    "uv": [
                        5.5,
                        3,
                        6,
                        7
                    ],
                    "texture": "#texture",
                    "rotation": 270
                },
                "east": {
                    "uv": [
                        0,
                        3,
                        0.5,
                        7
                    ],
                    "texture": "#texture",
                    "rotation": 270
                }
            }
        },
        {
            "__comment": "MinecartWest",
            "from": [
                0,
                2,
                0
            ],
            "to": [
                2,
                10,
                16
            ],
            "faces": {
                "up": {
                    "uv": [
                        0.5,
                        0,
                        4.5,
                        0.5
                    ],
                    "texture": "#texture",
                    "rotation": 270
                },
                "north": {
                    "uv": [
                        4.5,
                        0.5,
                        5,
                        2.5
                    ],
                    "texture": "#texture"
                },
                "south": {
                    "uv": [
                        0,
                        0.5,
                        0.5,
                        2.5
                    ],
                    "texture": "#texture"
                },
                "west": {
                    "uv": [
                        5,
                        0.5,
                        9,
                        2.5
                    ],
                    "texture": "#texture"
                },
                "east": {
                    "uv": [
                        0.5,
                        0.5,
                        4.5,
                        2.5
                    ],
                    "texture": "#texture"
                }
            }
        },
        {
            "__comment": "MinecartEast",
            "from": [
                18,
                2,
                0
            ],
            "to": [
                20,
                10,
                16
            ],
            "faces": {
                "up": {
                    "uv": [
                        0.5,
                        0,
                        4.5,
                        0.5
                    ],
                    "texture": "#texture",
                    "rotation": 90
                },
                "north": {
                    "uv": [
                        4.5,
                        0.5,
                        5,
                        2.5
                    ],
                    "texture": "#texture"
                },
                "south": {
                    "uv": [
                        0,
                        0.5,
                        0.5,
                        2.5
                    ],
                    "texture": "#texture"
                },
                "west": {
                    "uv": [
                        0.5,
                        0.5,
                        4.5,
                        2.5
                    ],
                    "texture": "#texture"
                },
                "east": {
                    "uv": [
                        5,
                        0.5,
                        9,
                        2.5
                    ],
                    "texture": "#texture"
                }
            }
        },
        {
            "__comment": "MinecartNorth",
            "from": [
                2,
                2,
                0
            ],
            "to": [
                18,
                10,
                2
            ],
            "faces": {
                "up": {
                    "uv": [
                        0.5,
                        0,
                        4.5,
                        0.5
                    ],
                    "texture": "#texture"
                },
                "north": {
                    "uv": [
                        4.75,
                        0.5,
                        9,
                        2.5
                    ],
                    "texture": "#texture"
                },
                "south": {
                    "uv": [
                        0.5,
                        0.5,
                        4.5,
                        2.5
                    ],
                    "texture": "#texture"
                }
            }
        },
        {
            "__comment": "MinecartEast",
            "from": [
                1.9999,
                2,
                13.9999
            ],
            "to": [
                17.9999,
                10,
                15.9999
            ],
            "faces": {
                "up": {
                    "uv": [
                        0.5,
                        0,
                        4.5,
                        0.5
                    ],
                    "texture": "#texture",
                    "rotation": 180
                },
                "north": {
                    "uv": [
                        0.5,
                        0.5,
                        4.5,
                        2.5
                    ],
                    "texture": "#texture"
                },
                "south": {
                    "uv": [
                        5,
                        0.5,
                        9,
                        2.5
                    ],
                    "texture": "#texture"
                }
            }
        }
    ],
    "display": {
        "thirdperson_righthand": {
            "rotation": [
                78,
                45,
                0
            ],
            "translation": [
                0,
                3,
                1
            ],
            "scale": [
                0.325,
                0.325,
                0.325
            ]
        },
        "thirdperson_lefthand": {
            "rotation": [
                78,
                45,
                0
            ],
            "translation": [
                1,
                3.9,
                1
            ],
            "scale": [
                0.325,
                0.325,
                0.325
            ]
        },
        "firstperson_righthand": {
            "rotation": [
                0,
                45,
                0
            ],
            "translation": [
                0,
                0.6256,
                0
            ],
            "scale": [
                0.4,
                0.4,
                0.4
            ]
        },
        "firstperson_lefthand": {
            "rotation": [
                0,
                -135,
                0
            ],
            "translation": [
                0,
                0.6256,
                0
            ],
            "scale": [
                0.4,
                0.4,
                0.4
            ]
        },
        "gui": {
            "rotation": [
                30,
                225,
                0
            ],
            "translation": [
                0.75,
                2,
                0
            ],
            "scale": [
                0.585,
                0.585,
                0.585
            ]
        },
        "head": {
            "translation": [
                -1.625,
                0.625,
                0
            ]
        },
        "ground": {
            "translation": [
                0,
                3,
                0
            ],
            "scale": [
                0.25,
                0.25,
                0.25
            ]
        },
        "fixed": {
            "translation": [
                -0.75,
                0,
                0.75
            ],
            "scale": [
                0.5,
                0.5,
                0.5
            ]
        }
    }
}