{
  "Elements": [
    {
      "__type": "KeyboardKey",
      "Id": 0,
      "Boundaries": [
        {
          "X": 36,
          "Y": 8
        },
        {
          "X": 86,
          "Y": 8
        },
        {
          "X": 86,
          "Y": 33
        },
        {
          "X": 61,
          "Y": 58
        },
        {
          "X": 36,
          "Y": 33
        }
      ],
      "KeyCodes": [
        38
      ],
      "Text": "▲",
      "TextPosition": {
        "X": 61,
        "Y": 29
      },
      "ChangeOnCaps": false,
      "ShiftText": "▲"
    },
    {
      "__type": "KeyboardKey",
      "Id": 5,
      "Boundaries": [
        {
          "X": 90,
          "Y": 36
        },
        {
          "X": 116,
          "Y": 37
        },
        {
          "X": 116,
          "Y": 87
        },
        {
          "X": 91,
          "Y": 87
        },
        {
          "X": 65,
          "Y": 61
        }
      ],
      "KeyCodes": [
        39
      ],
      "Text": "▶",
      "TextPosition": {
        "X": 90,
        "Y": 61
      },
      "ChangeOnCaps": false,
      "ShiftText": "▶"
    },
    {
      "__type": "KeyboardKey",
      "Id": 8,
      "Boundaries": [
        {
          "X": 7,
          "Y": 36
        },
        {
          "X": 32,
          "Y": 36
        },
        {
          "X": 57,
          "Y": 61
        },
        {
          "X": 32,
          "Y": 86
        },
        {
          "X": 7,
          "Y": 86
        }
      ],
      "KeyCodes": [
        37
      ],
      "Text": "◀",
      "TextPosition": {
        "X": 28,
        "Y": 61
      },
      "ChangeOnCaps": true,
      "ShiftText": "◀"
    },
    {
      "__type": "KeyboardKey",
      "Id": 7,
      "Boundaries": [
        {
          "X": 36,
          "Y": 89
        },
        {
          "X": 61,
          "Y": 64
        },
        {
          "X": 86,
          "Y": 89
        },
        {
          "X": 86,
          "Y": 114
        },
        {
          "X": 36,
          "Y": 114
        }
      ],
      "KeyCodes": [
        40
      ],
      "Text": "▼",
      "TextPosition": {
        "X": 61,
        "Y": 93
      },
      "ChangeOnCaps": true,
      "ShiftText": "▼"
    },
    {
      "__type": "KeyboardKey",
      "Id": 10,
      "Boundaries": [
        {
          "X": 124,
          "Y": 64
        },
        {
          "X": 171,
          "Y": 64
        },
        {
          "X": 171,
          "Y": 114
        },
        {
          "X": 124,
          "Y": 114
        }
      ],
      "KeyCodes": [
        82
      ],
      "Text": "R",
      "TextPosition": {
        "X": 147,
        "Y": 89
      },
      "ChangeOnCaps": true,
      "ShiftText": "R"
    },
    {
      "__type": "KeyboardKey",
      "Id": 11,
      "Boundaries": [
        {
          "X": 124,
          "Y": 9
        },
        {
          "X": 171,
          "Y": 9
        },
        {
          "X": 171,
          "Y": 59
        },
        {
          "X": 124,
          "Y": 59
        }
      ],
      "KeyCodes": [
        80
      ],
      "Text": "P",
      "TextPosition": {
        "X": 147,
        "Y": 34
      },
      "ChangeOnCaps": true,
      "ShiftText": "P"
    }
  ],
  "Height": 121,
  "Version": 2,
  "Width": 180
}