{
  "Elements": [
    {
      "__type": "MouseKey",
      "Id": 16,
      "Boundaries": [
        {
          "X": 51,
          "Y": 48
        },
        {
          "X": 94,
          "Y": 48
        },
        {
          "X": 94,
          "Y": 91
        },
        {
          "X": 51,
          "Y": 91
        }
      ],
      "KeyCodes": [
        2
      ],
      "Text": "MMB",
      "TextPosition": {
        "X": 72,
        "Y": 69
      }
    },
    {
      "__type": "MouseKey",
      "Id": 18,
      "Boundaries": [
        {
          "X": 4,
          "Y": 48
        },
        {
          "X": 47,
          "Y": 48
        },
        {
          "X": 47,
          "Y": 91
        },
        {
          "X": 4,
          "Y": 91
        }
      ],
      "KeyCodes": [
        0
      ],
      "Text": "LMB",
      "TextPosition": {
        "X": 25,
        "Y": 69
      }
    },
    {
      "__type": "MouseKey",
      "Id": 19,
      "Boundaries": [
        {
          "X": 99,
          "Y": 48
        },
        {
          "X": 142,
          "Y": 48
        },
        {
          "X": 142,
          "Y": 91
        },
        {
          "X": 99,
          "Y": 91
        }
      ],
      "KeyCodes": [
        1
      ],
      "Text": "RMB",
      "TextPosition": {
        "X": 120,
        "Y": 69
      }
    },
    {
      "__type": "MouseSpeedIndicator",
      "Id": 20,
      "Location": {
        "X": 71,
        "Y": 22
      },
      "Radius": 18
    }
  ],
  "Height": 97,
  "Version": 2,
  "Width": 147
}