{
  "Elements": [
    {
      "__type": "KeyboardKey",
      "Id": 0,
      "Boundaries": [
        {
          "X": 36,
          "Y": 7
        },
        {
          "X": 86,
          "Y": 7
        },
        {
          "X": 86,
          "Y": 32
        },
        {
          "X": 61,
          "Y": 57
        },
        {
          "X": 36,
          "Y": 32
        }
      ],
      "KeyCodes": [
        38
      ],
      "Text": "▲",
      "TextPosition": {
        "X": 61,
        "Y": 27
      },
      "ChangeOnCaps": false,
      "ShiftText": "▲"
    },
    {
      "__type": "KeyboardKey",
      "Id": 5,
      "Boundaries": [
        {
          "X": 89,
          "Y": 36
        },
        {
          "X": 114,
          "Y": 36
        },
        {
          "X": 114,
          "Y": 86
        },
        {
          "X": 89,
          "Y": 86
        },
        {
          "X": 64,
          "Y": 61
        }
      ],
      "KeyCodes": [
        39
      ],
      "Text": "▶",
      "TextPosition": {
        "X": 89,
        "Y": 61
      },
      "ChangeOnCaps": false,
      "ShiftText": "▶"
    },
    {
      "__type": "KeyboardKey",
      "Id": 8,
      "Boundaries": [
        {
          "X": 8,
          "Y": 36
        },
        {
          "X": 33,
          "Y": 36
        },
        {
          "X": 58,
          "Y": 61
        },
        {
          "X": 33,
          "Y": 86
        },
        {
          "X": 8,
          "Y": 86
        }
      ],
      "KeyCodes": [
        37
      ],
      "Text": "◀",
      "TextPosition": {
        "X": 33,
        "Y": 61
      },
      "ChangeOnCaps": true,
      "ShiftText": "◀"
    },
    {
      "__type": "KeyboardKey",
      "Id": 7,
      "Boundaries": [
        {
          "X": 36,
          "Y": 89
        },
        {
          "X": 61,
          "Y": 64
        },
        {
          "X": 86,
          "Y": 89
        },
        {
          "X": 86,
          "Y": 114
        },
        {
          "X": 36,
          "Y": 114
        }
      ],
      "KeyCodes": [
        40
      ],
      "Text": "▼",
      "TextPosition": {
        "X": 61,
        "Y": 89
      },
      "ChangeOnCaps": true,
      "ShiftText": "▼"
    },
    {
      "__type": "KeyboardKey",
      "Id": 9,
      "Boundaries": [
        {
          "X": 30,
          "Y": 119
        },
        {
          "X": 92,
          "Y": 119
        },
        {
          "X": 92,
          "Y": 159
        },
        {
          "X": 30,
          "Y": 159
        }
      ],
      "KeyCodes": [
        161
      ],
      "Text": "Shift",
      "TextPosition": {
        "X": 61,
        "Y": 139
      },
      "ChangeOnCaps": true,
      "ShiftText": "Shift"
    },
    {
      "__type": "KeyboardKey",
      "Id": 10,
      "Boundaries": [
        {
          "X": 30,
          "Y": 164
        },
        {
          "X": 92,
          "Y": 164
        },
        {
          "X": 92,
          "Y": 204
        },
        {
          "X": 30,
          "Y": 204
        }
      ],
      "KeyCodes": [
        163
      ],
      "Text": "CTRL",
      "TextPosition": {
        "X": 61,
        "Y": 184
      },
      "ChangeOnCaps": true,
      "ShiftText": "CTRL"
    },
    {
      "__type": "KeyboardKey",
      "Id": 11,
      "Boundaries": [
        {
          "X": 30,
          "Y": 209
        },
        {
          "X": 92,
          "Y": 209
        },
        {
          "X": 92,
          "Y": 249
        },
        {
          "X": 30,
          "Y": 249
        }
      ],
      "KeyCodes": [
        13
      ],
      "Text": "Enter",
      "TextPosition": {
        "X": 61,
        "Y": 229
      },
      "ChangeOnCaps": true,
      "ShiftText": "Enter"
    },
    {
      "__type": "MouseKey",
      "Id": 16,
      "Boundaries": [
        {
          "X": 179,
          "Y": 177
        },
        {
          "X": 222,
          "Y": 177
        },
        {
          "X": 222,
          "Y": 220
        },
        {
          "X": 179,
          "Y": 220
        }
      ],
      "KeyCodes": [
        2
      ],
      "Text": "MMB",
      "TextPosition": {
        "X": 200,
        "Y": 198
      }
    },
    {
      "__type": "MouseKey",
      "Id": 18,
      "Boundaries": [
        {
          "X": 126,
          "Y": 177
        },
        {
          "X": 169,
          "Y": 177
        },
        {
          "X": 169,
          "Y": 220
        },
        {
          "X": 126,
          "Y": 220
        }
      ],
      "KeyCodes": [
        0
      ],
      "Text": "LMB",
      "TextPosition": {
        "X": 147,
        "Y": 198
      }
    },
    {
      "__type": "MouseKey",
      "Id": 19,
      "Boundaries": [
        {
          "X": 232,
          "Y": 177
        },
        {
          "X": 275,
          "Y": 177
        },
        {
          "X": 275,
          "Y": 220
        },
        {
          "X": 232,
          "Y": 220
        }
      ],
      "KeyCodes": [
        1
      ],
      "Text": "RMB",
      "TextPosition": {
        "X": 253,
        "Y": 198
      }
    },
    {
      "__type": "MouseSpeedIndicator",
      "Id": 20,
      "Location": {
        "X": 198,
        "Y": 88
      },
      "Radius": 65
    }
  ],
  "Height": 256,
  "Version": 2,
  "Width": 282
}